itemid	title	url	desc	image	path	price	keyword1	keyword2	keyword3	keyword4	keyword5	keyword6	keyword7	keyword8	keyword9	keyword10	narrow1	narrow2	narrow3	narrow4	narrow5	narrow6	narrow7	narrow8	narrow9	narrow10	number1	number2	number3	number4	number5	number6	number7	number8	number9	number10	data1	data2	data3	data4	data5	data6	data7	data8	data9	data10	boost	action
hlmt_0001	X-Fifteen MARQUEZ MOTEGI5 TC-1 RED/GREY フルフェイスヘルメット	about:blank	頭部全体を覆い、顔面まで保護する構造のヘルメット	https://www.naps-jp.com/Contents/ProductImages/0/A00A01001%2f4512048593650_LL.jpg	ヘルメット本体:フルフェイスヘルメット	84800	TC-10	RED GREY		MARQUEZ MOTEGI5		HFS_001					SHOEI	XL(61-62cm)	RED GREY								20251216	20251218																				
hlmt_0002	X-Fifteen MARQUEZ MOTEGI5 TC-1 RED/GREY フルフェイスヘルメット	about:blank	頭部全体を覆い、顔面まで保護する構造のヘルメット	https://www.naps-jp.com/Contents/ProductImages/0/A00A01001%2f4512048593650_LL.jpg	ヘルメット本体:フルフェイスヘルメット	84800	TC-10	RED GREY		MARQUEZ MOTEGI5		HFS_001					SHOEI	L(59-60cm)	RED GREY								20251216	20251218																				
hlmt_0003	X-Fifteen MARQUEZ MOTEGI5 TC-1 RED/GREY フルフェイスヘルメット	about:blank	頭部全体を覆い、顔面まで保護する構造のヘルメット	https://www.naps-jp.com/Contents/ProductImages/0/A00A01001%2f4512048593650_LL.jpg	ヘルメット本体:フルフェイスヘルメット	84800	TC-10	RED GREY		MARQUEZ MOTEGI5		HFS_001					SHOEI	M(57-58cm)	RED GREY								20251216	20251218																				
hlmt_0004	X-Fifteen MARQUEZ MOTEGI5 TC-1 RED/GREY フルフェイスヘルメット	about:blank	頭部全体を覆い、顔面まで保護する構造のヘルメット	https://www.naps-jp.com/Contents/ProductImages/0/A00A01001%2f4512048593650_LL.jpg	ヘルメット本体:フルフェイスヘルメット	84800	TC-10	RED GREY		MARQUEZ MOTEGI5		HFS_001					SHOEI	S(55-56cm)	RED GREY								20251216	20251218																				
hlmt_0005	X-Fifteen グン TC-1 RED/WHITE フルフェイスヘルメット	about:blank	頭部全体を覆い、顔面まで保護する構造のヘルメット	https://www.naps-jp.com/Contents/ProductImages/0/A00A01001%2f4512048587628_LL.jpg	ヘルメット本体:フルフェイスヘルメット	88000	TC-1	RED WHITE		グン		HFS_002					SHOEI	L(59-60cm)	RED WHITE								20251216	20251218																				
hlmt_0006	X-Fifteen グン TC-1 RED/WHITE フルフェイスヘルメット	about:blank	頭部全体を覆い、顔面まで保護する構造のヘルメット	https://www.naps-jp.com/Contents/ProductImages/0/A00A01001%2f4512048587628_LL.jpg	ヘルメット本体:フルフェイスヘルメット	88000	TC-1	RED WHITE		グン		HFS_002					SHOEI	M(57-58cm)	RED WHITE								20251217	20251219																				
hlmt_0007	X-Fifteen グン TC-1 RED/WHITE フルフェイスヘルメット	about:blank	頭部全体を覆い、顔面まで保護する構造のヘルメット	https://www.naps-jp.com/Contents/ProductImages/0/A00A01001%2f4512048587628_LL.jpg	ヘルメット本体:フルフェイスヘルメット	88000	TC-1	RED WHITE		グン		HFS_002					SHOEI	S(55-56cm)	RED WHITE								20251217	20251219																				
hlmt_0008	Z-8 MM93 COLLECTION TRACK TC-1 RED/GREY フルフェイスヘルメット	about:blank	頭部全体を覆い、顔面まで保護する構造のヘルメット	https://www.naps-jp.com/Contents/ProductImages/0/A00A01001%2f4512048583170_LL.jpg	ヘルメット本体:フルフェイスヘルメット	85000	TC-1	RED GREY		MM93 COLLECTION TRACK		HFS_003					SHOEI	XL(61-62cm)	RED GREY								20251217	20251219																				
hlmt_0009	Z-8 MM93 COLLECTION TRACK TC-1 RED/GREY フルフェイスヘルメット	about:blank	頭部全体を覆い、顔面まで保護する構造のヘルメット	https://www.naps-jp.com/Contents/ProductImages/0/A00A01001%2f4512048583170_LL.jpg	ヘルメット本体:フルフェイスヘルメット	85000	TC-1	RED GREY		MM93 COLLECTION TRACK		HFS_003					SHOEI	L(59-60cm)	RED GREY								20251217	20251219																				
hlmt_0010	Z-8 MM93 COLLECTION TRACK TC-1 RED/GREY フルフェイスヘルメット	about:blank	頭部全体を覆い、顔面まで保護する構造のヘルメット	https://www.naps-jp.com/Contents/ProductImages/0/A00A01001%2f4512048583170_LL.jpg	ヘルメット本体:フルフェイスヘルメット	85000	TC-1	RED GREY		MM93 COLLECTION TRACK		HFS_003					SHOEI	M(57-58cm)	RED GREY								20251217	20251219																				
hlmt_0011	Z-8 MM93 COLLECTION TRACK TC-1 RED/GREY フルフェイスヘルメット	about:blank	頭部全体を覆い、顔面まで保護する構造のヘルメット	https://www.naps-jp.com/Contents/ProductImages/0/A00A01001%2f4512048583170_LL.jpg	ヘルメット本体:フルフェイスヘルメット	85000	TC-1	RED GREY		MM93 COLLECTION TRACK		HFS_003					SHOEI	S(55-56cm)	RED GREY								20251218	20251220																				
hlmt_0012	RX-7X NAGASHIMA(ナガシマ)フルフェイスヘルメット	about:blank	頭部全体を覆い、顔面まで保護する構造のヘルメット	https://www.naps-jp.com/Contents/ProductImages/0/A00A01001%2f4530935651887_LL.jpg	ヘルメット本体:フルフェイスヘルメット	84700	ナガシマ			NAGASHIMA(ナガシマ)		HFA_001					Arai	L(59-60cm)									20251218	20251220																				
hlmt_0013	RX-7X NAGASHIMA(ナガシマ)フルフェイスヘルメット	about:blank	頭部全体を覆い、顔面まで保護する構造のヘルメット	https://www.naps-jp.com/Contents/ProductImages/0/A00A01001%2f4530935651887_LL.jpg	ヘルメット本体:フルフェイスヘルメット	84700	ナガシマ			NAGASHIMA(ナガシマ)		HFA_001					Arai	M(57-58cm)									20251218	20251220																				
hlmt_0014	SZ-G VINTAGE (ビンテージ) オープンフェイスヘルメット 谷尾オリジナル ブラック/シルバー	about:blank	顎（チン）の部分が覆われていない、頭部と耳、頬の部分を保護するバイク用ヘルメット	https://www.naps-jp.com/Contents/ProductImages/0/A00A01003%2f4530935501021_LL.jpg	ヘルメット本体:ジェットヘルメット	59400	谷尾	ブラック シルバー		VINTAGE (ビンテージ)		HJA_001					Arai	XL(61-62cm)	ブラック シルバー								20251218	20251220																				
hlmt_0015	SZ-G VINTAGE (ビンテージ) オープンフェイスヘルメット 谷尾オリジナル ブラック/シルバー	about:blank	顎（チン）の部分が覆われていない、頭部と耳、頬の部分を保護するバイク用ヘルメット	https://www.naps-jp.com/Contents/ProductImages/0/A00A01003%2f4530935501021_LL.jpg	ヘルメット本体:ジェットヘルメット	59400	谷尾	ブラック シルバー		VINTAGE (ビンテージ)		HJA_001					Arai	L(59-60cm)	ブラック シルバー								20251218	20251220																				
hlmt_0016	EXCEED SWORD (エクシード ソード) オープンフェイスヘルメット フラットブラック/ゴールド	about:blank	顎（チン）の部分が覆われていない、頭部と耳、頬の部分を保護するバイク用ヘルメット	https://www.naps-jp.com/Contents/ProductImages/0/A00A01003%2f4966094597221_LL.jpg	ヘルメット本体:ジェットヘルメット	26950		フラットブラック ゴールド		SWORD (ソード)		HJO_001					OGK-Kabuto	M(57-58cm)	フラットブラック ゴールド								20251219	20251221																				
hlmt_0017	EXCEED SWORD (エクシード ソード) オープンフェイスヘルメット フラットブラック/ゴールド	about:blank	顎（チン）の部分が覆われていない、頭部と耳、頬の部分を保護するバイク用ヘルメット	https://www.naps-jp.com/Contents/ProductImages/0/A00A01003%2f4966094597221_LL.jpg	ヘルメット本体:ジェットヘルメット	26950		フラットブラック ゴールド		SWORD (ソード)		HJO_001					OGK-Kabuto	S(55-56cm)	フラットブラック ゴールド								20251219	20251221																				
hlmt_0018	J-CruiseII ADAGIO【ジェイクルーズツー アダージョ】TC-5ブラック/ホワイト ジェットヘルメット	about:blank	顎（チン）の部分が覆われていない、頭部と耳、頬の部分を保護するバイク用ヘルメット	https://www.naps-jp.com/Contents/ProductImages/0/A00A01003%2f4512048567972_LL.jpg	ヘルメット本体:ジェットヘルメット	49800	TC-5	ブラック ホワイト		ADAGIO【ジェイクルーズツー アダージョ】		HJS_001					SHOEI	XL(61-62cm)	ブラック ホワイト								20251219	20251221																				
hlmt_0019	J-CruiseII ADAGIO【ジェイクルーズツー アダージョ】TC-5ブラック/ホワイト ジェットヘルメット	about:blank	顎（チン）の部分が覆われていない、頭部と耳、頬の部分を保護するバイク用ヘルメット	https://www.naps-jp.com/Contents/ProductImages/0/A00A01003%2f4512048567972_LL.jpg	ヘルメット本体:ジェットヘルメット	49800	TC-5	ブラック ホワイト		ADAGIO【ジェイクルーズツー アダージョ】		HJS_001					SHOEI	S(55-56cm)	ブラック ホワイト								20251219	20251221																				
hlmt_0020	RYUKI (リュウキ) システムヘルメット ホワイトメタリック	about:blank	顎の部分（チンガード）が可動式になっていて、開放感と安全性を両立できるヘルメット	https://www.naps-jp.com/Contents/ProductImages/0/A00A01002%2f4966094595913_LL.jpg	ヘルメット本体:システムヘルメット	44000		ホワイトメタリック		RYUKI (リュウキ)		HSO_001					OGK-Kabuto	XL(61-62cm)	ホワイトメタリック								20251219	20251221																				
hlmt_0021	RYUKI (リュウキ) システムヘルメット ホワイトメタリック	about:blank	顎の部分（チンガード）が可動式になっていて、開放感と安全性を両立できるヘルメット	https://www.naps-jp.com/Contents/ProductImages/0/A00A01002%2f4966094595913_LL.jpg	ヘルメット本体:システムヘルメット	44000		ホワイトメタリック		RYUKI (リュウキ)		HSO_001					OGK-Kabuto	L(59-60cm)	ホワイトメタリック								20251220	20251222																				
hlmt_0022	NEOTEC3 SATORI (ネオテック スリー サトリ) TC-5 BLACK/WHITE システムヘルメット	about:blank	顎の部分（チンガード）が可動式になっていて、開放感と安全性を両立できるヘルメット	https://www.naps-jp.com/Contents/ProductImages/0/A00A01002%2f4512048586553_LL.jpg	ヘルメット本体:システムヘルメット	91300	TC-5	BLACK WHITE		SATORI (ネオテック スリー サトリ)		HSS_001					SHOEI	M(57-58cm)	BLACK WHITE								20251220	20251222																				
hlmt_0023	YJ-21 ZENITH システムヘルメット メタルブラック	about:blank	顎の部分（チンガード）が可動式になっていて、開放感と安全性を両立できるヘルメット	https://www.naps-jp.com/Contents/ProductImages/0/A00A01002%2f4521407245130_LL.jpg	ヘルメット本体:システムヘルメット	29700		メタルブラック		YJ-21		HSY_001					YAMAHA	M(57-58cm)	メタルブラック								20251220	20251222																				
hlmt_0024	VAS-V MV クリアシールド	about:blank	フルフェイスヘルメットの顔全体を覆う透明な部分（バイザー）	https://www.naps-jp.com/Contents/ProductImages/0/A00A02010%2f4530935415762_LL.jpg	ヘルメットパーツ・シールド:フルフェイス用シールド	5500			クリア	MV		SFS_001					Arai										20251220	20251222																				
hlmt_0025	VAS-V MV セミスモークシールド	about:blank	フルフェイスヘルメットの顔全体を覆う透明な部分（バイザー）	https://www.naps-jp.com/Contents/ProductImages/0/A00A02010%2f45309354157624530935416325_LL.jpg	ヘルメットパーツ・シールド:フルフェイス用シールド	5500			セミスモーク	MV		SFS_001					Arai										20251220	20251222																				
hlmt_0026	YJ-20 ZENITH スモークシールド	about:blank	ジェットヘルメットの顔全体を覆う透明な部分（バイザー）	https://www.naps-jp.com/Contents/ProductImages/0/A00A02011%2f45214072470594521407247059_LL.jpg	ヘルメットパーツ・シールド:ジェットヘルメット用シールド	5830			スモーク	YJ-20		SJY_001					YAMAHA										20251221	20251223																				
hlmt_0027	YJ-20 ZENITH ミラーシールド	about:blank	ジェットヘルメットの顔全体を覆う透明な部分（バイザー）	https://www.naps-jp.com/Contents/ProductImages/0/A00A02011%2f45214072470594521407247066_LL.jpg	ヘルメットパーツ・シールド:ジェットヘルメット用シールド	5830			ミラー	YJ-20		SJY_001					YAMAHA										20251221	20251223																				
hlmt_0028	RX-7X EP システムパッド	about:blank	バイク用ヘルメットの内装部品で、頬や顎周りのフィット感を調整し、快適性や静粛性を高めるためのパッド	https://www.naps-jp.com/Contents/ProductImages/0/A00A02014%2f4530935416202_LL.jpg	ヘルメットパーツ・シールド:ヘルメット内装	5720					チークパッド	NFA_001					Arai										20251221	20251223									15mm（59-60/61-62）	20mm（55-56/57-58）	25mm（54）									
hlmt_0029	RX-7X EP システム内装	about:blank	バイク用ヘルメットの内装部品で、頬や顎周りのフィット感を調整し、快適性や静粛性を高めるためのパッド	https://www.naps-jp.com/Contents/ProductImages/0/A00A02014%2f4530935416158_LL.jpg	ヘルメットパーツ・シールド:ヘルメット内装	2849					ヘッドパッド	NFA_002					Arai										20251221	20251223									Ⅱ-7mm（55-56）											